<?xml version="1.0" encoding="UTF-8"?>
<addon id="skin.bello" version="3.1.0" name="Bello" provider-name="Nessus">
  <requires>
    <!-- Correct version for Kodi Omega -->
    <import addon="xbmc.gui" version="6.0.0" />

    <!-- Updated dependencies -->
    <import addon="script.skinshortcuts" version="2.0.3" />

    <!-- Optional dependencies (update versions if needed) -->
    <import addon="service.skin.widgets" version="0.0.29" />
    <import addon="script.tvtunes" version="3.0.6" />
    <import addon="script.tv.show.next.aired" version="6.0.10" />
    <import addon="script.artwork.downloader" version="12.0.24" />
    <import addon="script.globalsearch" version="2.0.8" />
    <import addon="script.artistslideshow" version="1.6.5" />
    <import addon="script.playalbum" version="1.0.1" />
    <import addon="script.extendedinfo" version="1.0.0" />
    <import addon="script.grab.fanart" version="0.12.8" />
  </requires>
  <extension point="xbmc.gui.skin" defaultthemename="Textures.xbt" effectslowdown="0.75" debugging="false">
    <res width="1280" height="720" aspect="16:9" default="true" folder="720p" />
  </extension>
  <extension point="xbmc.addon.metadata">
    <summary lang="en">A GUI for Kodi Media Center</summary>
    <description lang="en">Bello is a GUI for Kodi Media Center. The goal of Bello is to maximize your Kodi entertainment experience with its fast,